{"cameraMode":{"drawMode":0,"name":"Shaded","section":"Shading Mode"},"sceneLighting":false,"audioPlay":false,"sceneViewState":{"showFog":true,"showMaterialUpdate":false,"showSkybox":true,"showFlares":true,"showImageEffects":true,"showParticleSystems":true},"in2DMode":false,"pivot":{"x":-21.173208236694337,"y":0.8117094039916992,"z":1.7370061874389649},"rotation":{"x":0.2052226960659027,"y":-0.5309563279151917,"z":0.13433732092380525,"w":0.8111242651939392},"size":18.812652587890626,"orthographic":false}