{"cameraMode":{"drawMode":0,"name":"Shaded","section":"Shading Mode"},"sceneLighting":false,"audioPlay":false,"sceneViewState":{"showFog":true,"showMaterialUpdate":false,"showSkybox":true,"showFlares":true,"showImageEffects":true,"showParticleSystems":true},"in2DMode":false,"pivot":{"x":225.51126098632813,"y":79.78794860839844,"z":180.03756713867188},"rotation":{"x":0.08718331158161164,"y":0.018829576671123506,"z":-0.001648224308155477,"w":0.9960129857063294},"size":572.6839599609375,"orthographic":false}